1016,634
1150,634
1166,634
1172,632
1177,632
1209,632
1278,635
1283,630
1292,632
1306,632
1307,630
1309,630
1553,646
1553,958
1655,640
2309,644
2309,646
2518,348
3390,630
3459,340
3620,632
4129,722
4129,724
4129,726
4129,728
4129,730
4129,732
4129,734
4129,736
4129,738
4129,740
4156,626
4156,636
4253,342
4612,720
6125,640
6151,644
7894,254
7894,364
7894,374
7894,722
7894,726
7894,730
7894,732
8293,666
8293,668
8668,490
9133,326
9133,923
193,234
371,438
345D,630
588C,462
682C,640
739D,632
845D,630
